Date,Time,Open,High,Low,Close,Volume
2025-11-29,21:00:00,91000.5703125,91078.0859375,90863.8828125,91045.890625,0
2025-11-29,22:00:00,91036.65625,91036.65625,90742.90625,90838.671875,0
2025-11-29,23:00:00,90825.234375,90901.890625,90731.5078125,90850.890625,0
2025-11-30,00:00:00,90836.71875,90970.828125,90809.6328125,90911.953125,0
2025-11-30,01:00:00,90910.7265625,91061.7265625,90904.2578125,90961.6796875,0
2025-11-30,02:00:00,90950.390625,91054.6171875,90799.3359375,90812.421875,0
2025-11-30,03:00:00,90810.25,90941.8828125,90521.59375,90907.5546875,423297024
2025-11-30,04:00:00,90915.96875,90978.7578125,90845.828125,90874.015625,59613184
2025-11-30,05:00:00,90886.875,90886.875,90712.6171875,90821.984375,0
2025-11-30,06:00:00,90812.8046875,90953.265625,90775.0546875,90908.2578125,0
2025-11-30,07:00:00,90912.0546875,91038.3984375,90891.1796875,90973.234375,0
2025-11-30,08:00:00,90970.2265625,91349.359375,90958.2109375,91234.6640625,861442048
2025-11-30,09:00:00,91217.484375,91566.0703125,91193.484375,91409.203125,676818944
2025-11-30,10:00:00,91423.96875,91442.015625,91231.1484375,91238.5546875,0
2025-11-30,11:00:00,91246.4140625,91372.0625,91059.453125,91059.453125,0
2025-11-30,12:00:00,91056.2265625,91480.5703125,91050.4375,91448.640625,284856320
2025-11-30,13:00:00,91457.0078125,91965.046875,91447.4921875,91761.46875,1489371136
2025-11-30,14:00:00,91780.71875,91780.71875,91310.015625,91477.2265625,611565568
2025-11-30,15:00:00,91497.4921875,91622.5859375,91339.8515625,91461.4375,41324544
2025-11-30,16:00:00,91455.3984375,91865.8515625,91440.9375,91816.1875,0
2025-11-30,17:00:00,91776.90625,91776.90625,91352.1484375,91497.828125,0
2025-11-30,18:00:00,91495.1015625,91495.1015625,91250.6875,91448.78125,0
2025-11-30,19:00:00,91451.6640625,91493.0625,91321.671875,91467.609375,0
2025-11-30,20:00:00,91474.3203125,91607.875,91212.390625,91343.46875,0
2025-11-30,21:00:00,91324.4296875,91328.6640625,90965.703125,91172.078125,465276928
2025-11-30,22:00:00,91173.234375,91334.6640625,91084.3203125,91235.375,0
2025-11-30,23:00:00,91242.9765625,91242.9765625,90419.40625,90440.6328125,681799680
2025-12-01,00:00:00,90379.84375,90379.84375,87068.546875,87154.7578125,6631452672
2025-12-01,01:00:00,87049.8203125,87715.6015625,87043.6796875,87316.8046875,3720790016
2025-12-01,02:00:00,87231.7890625,87495.3828125,86545.1484375,86749.7421875,2891567104
2025-12-01,03:00:00,86745.25,86789.1953125,86226.484375,86397.4765625,2436825088
2025-12-01,04:00:00,86383.203125,86383.203125,85732.765625,85816.6875,2819989504
2025-12-01,05:00:00,85812.5703125,85998.2578125,85665.9453125,85975.171875,1354584064
2025-12-01,06:00:00,85987.671875,86320.9375,85987.671875,86270.1796875,1837895680
2025-12-01,07:00:00,86266.3828125,86541.1640625,86089.78125,86533.8359375,2125672448
2025-12-01,08:00:00,86536.78125,86847.7734375,86422.1875,86847.7734375,524853248
2025-12-01,09:00:00,86866.2109375,86896.9453125,86587.5078125,86716.6953125,263401472
2025-12-01,10:00:00,86726.046875,86796.2734375,86564.8359375,86638.0703125,807399424
2025-12-01,11:00:00,86644.25,86646.1171875,86227.578125,86227.578125,747626496
2025-12-01,12:00:00,86137.1484375,86156.4921875,84817.421875,85484.3046875,90808320
2025-12-01,13:00:00,85418.2890625,86088.3203125,85418.2890625,86006.6015625,1751769088
2025-12-01,14:00:00,85983.1171875,86580.734375,85942.140625,86161.53125,3965136896
2025-12-01,15:00:00,86044.4921875,86061.4921875,83909.734375,84637.1953125,4063100928
2025-12-01,16:00:00,84653.6015625,85358.1328125,84104.4921875,84513.078125,3634044928
2025-12-01,17:00:00,84529.6953125,85260.0859375,84478.2578125,84953.6953125,2091474944
2025-12-01,18:00:00,84933.296875,85477.53125,84732.265625,85179.3203125,1276346368
2025-12-01,19:00:00,85218.265625,85239.2890625,84654.0078125,85033.78125,2018066432
2025-12-01,20:00:00,85021.875,85813.5859375,85021.875,85469.125,1664278528
2025-12-01,21:00:00,85455.1796875,86450.90625,85455.1796875,86425.0703125,1892753408
2025-12-01,22:00:00,86440.8828125,86853.6796875,86381.71875,86648.2578125,841400320
2025-12-01,23:00:00,86599.984375,86822.59375,86298.8203125,86305.8984375,106921984
2025-12-02,00:00:00,86306.09375,86620.84375,86205.09375,86500.1875,0
2025-12-02,01:00:00,86519.75,87272.2734375,86398.6953125,86440.8515625,0
2025-12-02,02:00:00,86449.2734375,86859.3515625,86336.3046875,86583.1953125,0
2025-12-02,03:00:00,86547.4765625,87005.375,86223.6015625,86956.0703125,0
2025-12-02,04:00:00,86961.7109375,87218.3828125,86926.828125,86970.6328125,0
2025-12-02,05:00:00,86974.765625,87075.4921875,86857.1484375,86997.5390625,0
2025-12-02,06:00:00,87012.4140625,87173.859375,86899.1015625,87106.515625,0
2025-12-02,07:00:00,87118.578125,87118.734375,86917.609375,87032.6953125,0
2025-12-02,08:00:00,87039.8359375,87039.8359375,86408.96875,86408.96875,0
2025-12-02,09:00:00,86509.9609375,86943.859375,86509.9609375,86742.0703125,0
2025-12-02,10:00:00,86753.5234375,87490.9765625,86753.5234375,87301.625,0
2025-12-02,11:00:00,87298.359375,87553.921875,87037.6875,87395.390625,2308128768
2025-12-02,12:00:00,87381.4140625,87505.84375,87250.3671875,87250.3671875,0
2025-12-02,13:00:00,87284.8671875,87841.1953125,87114.8359375,87841.1953125,0
2025-12-02,14:00:00,87779.3984375,89221.328125,87667.4140625,89157.0625,2447892480
2025-12-02,15:00:00,89255.9140625,91084.7265625,89255.9140625,90948.328125,2543419392
2025-12-02,16:00:00,90928.65625,91220.0546875,90316.7734375,90902.4296875,0
2025-12-02,17:00:00,90833.2421875,91945.46875,90833.2421875,91497.4296875,2102452224
2025-12-02,18:00:00,91494.40625,92193.4921875,91494.40625,91862.984375,0
2025-12-02,19:00:00,91963.6171875,92309.515625,91943.3828125,91951.6484375,2146222080
2025-12-02,20:00:00,91945.8359375,91945.8359375,90821.234375,91046.8828125,1333592064
2025-12-02,21:00:00,91119.1328125,91654.3515625,91053.6484375,91613.0,0
2025-12-02,22:00:00,91635.1796875,92003.703125,91600.859375,92003.703125,0
2025-12-02,23:00:00,92004.703125,92004.703125,91360.6640625,91360.6640625,483549184
2025-12-03,00:00:00,91345.3125,91741.6640625,91080.0,91588.7421875,0
2025-12-03,01:00:00,91632.609375,92359.796875,91542.7109375,92189.578125,47554560
2025-12-03,02:00:00,92237.671875,92973.796875,92237.671875,92814.484375,2008293376
2025-12-03,03:00:00,92813.1328125,92945.15625,92661.3515625,92738.0703125,22814720
2025-12-03,04:00:00,92710.0703125,93418.109375,92694.1328125,93418.109375,900497408
2025-12-03,05:00:00,93369.4765625,93640.78125,93212.015625,93640.78125,1866670080
2025-12-03,06:00:00,93703.5234375,93935.609375,93221.65625,93420.2109375,1514610688
2025-12-03,07:00:00,93438.7109375,93438.7109375,92960.828125,93009.0,1506877440
2025-12-03,08:00:00,93019.3515625,93154.8125,92728.46875,92728.46875,0
2025-12-03,09:00:00,92758.1953125,93182.9296875,92758.1953125,93182.9296875,0
2025-12-03,10:00:00,93209.25,93380.3203125,92923.8125,92928.59375,2962178048
2025-12-03,11:00:00,92938.109375,93041.4921875,92788.8984375,93030.828125,0
2025-12-03,12:00:00,93030.1171875,93087.4375,92740.609375,92976.1953125,45260800
2025-12-03,13:00:00,92953.1328125,93236.265625,92953.1328125,93145.3984375,0
2025-12-03,14:00:00,93166.890625,93554.9296875,91883.2109375,92663.9140625,890290176
2025-12-03,15:00:00,92479.0703125,92987.9453125,92018.0390625,92391.71875,0
2025-12-03,16:00:00,92380.34375,92731.96875,91878.703125,92271.6875,0
2025-12-03,17:00:00,92276.625,93032.640625,92276.625,93017.203125,0
2025-12-03,18:00:00,92981.7421875,93486.4921875,92430.9296875,92572.125,0
2025-12-03,19:00:00,92612.4375,93089.234375,92585.0546875,93015.546875,0
2025-12-03,20:00:00,93034.28125,93309.734375,92865.453125,92913.59375,0
2025-12-03,21:00:00,92971.890625,93679.609375,92911.6796875,93679.609375,0
2025-12-03,22:00:00,93744.78125,93932.9453125,93351.6953125,93802.8671875,1659002880
2025-12-03,23:00:00,93805.984375,94049.6953125,93522.734375,93592.453125,0
2025-12-04,00:00:00,93463.3828125,93478.859375,92749.1484375,93090.1171875,0
2025-12-04,01:00:00,93073.5859375,93700.109375,93045.6953125,93202.7578125,0
2025-12-04,02:00:00,93209.8046875,94010.6796875,93197.5,93982.4140625,0
2025-12-04,03:00:00,93972.65625,94022.4765625,93464.7421875,93546.546875,0
2025-12-04,04:00:00,93553.65625,93553.65625,93267.125,93326.0859375,0
2025-12-04,05:00:00,93345.90625,93376.7578125,92821.0625,92989.1953125,0
2025-12-04,06:00:00,93005.1875,93364.609375,92891.6875,93149.25,0
2025-12-04,07:00:00,93169.0703125,93395.09375,92952.921875,93395.09375,0
2025-12-04,08:00:00,93405.609375,93591.2109375,93121.6875,93218.3046875,0
2025-12-04,09:00:00,93291.3671875,93599.9375,93291.3671875,93494.8828125,0
2025-12-04,10:00:00,93510.8984375,93563.9765625,93205.2890625,93264.0234375,0
2025-12-04,11:00:00,93262.5078125,93293.765625,92797.765625,92943.4375,0
2025-12-04,12:00:00,92966.2734375,93165.9921875,92817.171875,93040.796875,0
2025-12-04,13:00:00,93000.0703125,93018.1640625,92485.859375,92558.546875,77438976
2025-12-04,14:00:00,92533.0234375,92805.6953125,91905.4375,91918.953125,0
2025-12-04,15:00:00,92013.609375,93060.65625,92013.609375,93007.4921875,155361280
2025-12-04,16:00:00,92941.8984375,93165.234375,92308.2421875,92479.0625,0
2025-12-04,17:00:00,92461.078125,92504.4140625,91830.0546875,92425.2890625,173293568
2025-12-04,18:00:00,92421.8671875,92544.4921875,92010.1484375,92038.3046875,0
2025-12-04,19:00:00,92144.0234375,92164.59375,90978.71875,92028.8671875,2364346368
2025-12-04,20:00:00,92067.2890625,92529.390625,91771.90625,92529.390625,0
2025-12-04,21:00:00,92514.6640625,92663.65625,92156.4296875,92172.4453125,0
2025-12-04,22:00:00,92172.4453125,92484.6484375,92172.4453125,92419.203125,0
2025-12-04,23:00:00,92399.1796875,92442.7734375,92115.8828125,92146.9921875,0
2025-12-05,00:00:00,92139.3359375,92475.6796875,92103.9453125,92292.671875,0
2025-12-05,01:00:00,92309.9765625,92603.4765625,92297.5859375,92387.2578125,0
2025-12-05,02:00:00,92382.46875,92679.1640625,92282.9453125,92544.34375,0
2025-12-05,03:00:00,92547.1875,92638.6015625,92070.9296875,92150.609375,0
2025-12-05,04:00:00,92172.640625,92385.453125,91862.125,92048.828125,225943552
2025-12-05,05:00:00,92044.4765625,92196.734375,91918.03125,91938.3515625,0
2025-12-05,06:00:00,91944.078125,92288.828125,91944.078125,92288.828125,0
2025-12-05,07:00:00,92288.3203125,92496.078125,92246.5234375,92246.8359375,0
2025-12-05,08:00:00,92257.3515625,92257.3515625,91977.078125,92103.515625,0
2025-12-05,09:00:00,92124.5078125,92128.2734375,91051.4765625,91147.0546875,958406656
2025-12-05,10:00:00,91159.8125,91481.359375,91131.265625,91353.8203125,396427264
2025-12-05,11:00:00,91321.21875,91538.3828125,91189.0546875,91395.03125,0
2025-12-05,12:00:00,91381.8046875,91422.6640625,91155.390625,91262.7890625,66285568
2025-12-05,13:00:00,91255.4921875,91347.5078125,90332.375,90573.9140625,50393088
2025-12-05,14:00:00,90513.0703125,90744.578125,90010.3359375,90270.2109375,883863552
2025-12-05,15:00:00,90292.03125,91399.390625,90292.03125,90320.109375,359223296
2025-12-05,16:00:00,90453.953125,90453.953125,88232.8828125,88878.6875,3293970432
2025-12-05,17:00:00,88900.9296875,89487.3359375,88689.8359375,89371.1640625,732663808
2025-12-05,18:00:00,89368.71875,89803.1015625,88983.4921875,89003.90625,522678272
2025-12-05,19:00:00,88979.6328125,89802.9609375,88910.5703125,89725.2890625,0
2025-12-05,20:00:00,89680.0625,89727.28125,89277.46875,89336.2421875,360071168
2025-12-05,21:00:00,89323.0625,89491.9921875,89120.3984375,89184.6640625,435535872
2025-12-05,22:00:00,89188.171875,89368.6796875,88944.9453125,89297.1875,97525760
2025-12-05,23:00:00,89282.65625,89384.484375,88977.3203125,89381.8515625,0
2025-12-06,00:00:00,89360.8359375,89449.546875,89092.0390625,89448.2578125,0
2025-12-06,01:00:00,89440.5703125,89489.546875,89255.46875,89320.0,0
2025-12-06,02:00:00,89319.875,89346.7578125,89234.9140625,89343.7890625,0
2025-12-06,03:00:00,89367.6171875,89793.8984375,89367.6171875,89709.21875,420872192
2025-12-06,04:00:00,89705.296875,89711.7265625,89583.3671875,89711.7265625,0
2025-12-06,05:00:00,89693.109375,89751.2109375,89567.1328125,89628.9765625,0
2025-12-06,06:00:00,89627.8828125,89771.8359375,89567.5390625,89693.375,0
2025-12-06,07:00:00,89711.578125,89719.953125,89501.703125,89638.171875,0
2025-12-06,08:00:00,89627.609375,89630.9921875,89290.7734375,89337.828125,51716096
2025-12-06,09:00:00,89319.796875,89677.1328125,89308.1875,89629.75,0
2025-12-06,10:00:00,89620.6015625,89693.6328125,89524.9375,89554.4921875,0
2025-12-06,11:00:00,89526.3125,89729.40625,89526.3125,89648.8359375,174460928
2025-12-06,12:00:00,89659.328125,89666.484375,89593.234375,89604.390625,0
2025-12-06,13:00:00,89598.6015625,89778.234375,89598.6015625,89691.0546875,0
2025-12-06,14:00:00,89682.421875,90174.3359375,89676.25,90050.109375,0
2025-12-06,15:00:00,90045.5703125,90045.5703125,89582.7421875,89885.171875,0
2025-12-06,16:00:00,89779.0546875,89985.5703125,89714.890625,89733.109375,0
2025-12-06,17:00:00,89730.1484375,89816.3828125,89672.0546875,89713.203125,0
2025-12-06,18:00:00,89722.0,89787.09375,89599.5546875,89657.1171875,0
2025-12-06,19:00:00,89663.1953125,89749.1484375,89350.9453125,89433.890625,0
2025-12-06,20:00:00,89433.6015625,89570.984375,89366.1796875,89570.984375,0
2025-12-06,21:00:00,89565.4609375,89604.9296875,89444.609375,89479.1875,0
2025-12-06,22:00:00,89458.59375,89538.8828125,89300.4921875,89326.234375,0
2025-12-06,23:00:00,89310.046875,89331.578125,88981.4921875,89270.5859375,259080192
2025-12-07,00:00:00,89257.46875,89549.46875,89225.390625,89499.3984375,0
2025-12-07,01:00:00,89458.8515625,89596.4375,89378.28125,89378.28125,0
2025-12-07,02:00:00,89348.90625,89670.8125,89348.90625,89670.8125,0
2025-12-07,03:00:00,89640.296875,89750.2890625,89586.09375,89732.3203125,0
2025-12-07,04:00:00,89736.515625,89806.9375,89517.1328125,89568.5859375,236564480
2025-12-07,05:00:00,89570.1640625,89590.1171875,89468.0078125,89535.3203125,0
2025-12-07,06:00:00,89524.71875,89701.53125,89520.2109375,89693.625,78209024
2025-12-07,07:00:00,89702.7578125,89755.9921875,89260.28125,89367.4921875,0
2025-12-07,08:00:00,89382.1328125,89524.8515625,89229.546875,89328.65625,0
2025-12-07,09:00:00,89341.5,89395.4921875,89098.2734375,89152.0703125,0
2025-12-07,10:00:00,89137.875,89374.3125,89137.875,89295.9296875,62070784
2025-12-07,11:00:00,89272.703125,89281.90625,89192.921875,89199.75,0
2025-12-07,12:00:00,89201.8125,89582.8671875,89167.6328125,89491.4375,57413632
2025-12-07,13:00:00,89491.7421875,89524.6953125,88948.6640625,89086.1953125,588152832
2025-12-07,14:00:00,89070.71875,89096.5703125,87823.5,88224.4140625,1236549632
2025-12-07,15:00:00,88250.9609375,89512.78125,88206.3515625,89498.5859375,1544073216
2025-12-07,16:00:00,89587.203125,89675.546875,89199.21875,89675.546875,1127821312
2025-12-07,17:00:00,89772.421875,91173.875,89665.6640625,90995.703125,3157397504
2025-12-07,18:00:00,90990.34375,91719.8515625,90990.34375,91386.5234375,1838891008
2025-12-07,19:00:00,91387.40625,91545.7109375,91279.0,91367.9921875,0
2025-12-07,20:00:00,91401.015625,91504.9296875,91365.9765625,91456.53125,210132992
2025-12-07,21:00:00,91454.2265625,91454.2265625,89961.5078125,90123.9375,221388800
2025-12-07,22:00:00,90157.8515625,90173.6875,89150.5390625,89670.59375,2868666368
2025-12-07,23:00:00,89628.4609375,90345.4609375,89583.765625,90320.2421875,691253248
2025-12-08,00:00:00,90426.9453125,90602.1484375,90006.03125,90422.671875,1128091648
2025-12-08,01:00:00,90354.796875,91670.484375,90354.796875,90906.8671875,1658298368
2025-12-08,02:00:00,90910.8203125,91440.1484375,90863.015625,91429.0625,1001168896
2025-12-08,03:00:00,91379.65625,91419.4296875,91010.359375,91126.984375,1164009472
2025-12-08,04:00:00,91132.6875,91452.6015625,91092.9921875,91271.1640625,38129664
2025-12-08,05:00:00,91294.0234375,91416.03125,91087.1484375,91349.4375,593805312
2025-12-08,06:00:00,91338.0859375,91635.78125,91253.8828125,91454.828125,792178688
2025-12-08,07:00:00,91457.5390625,91810.265625,91390.7265625,91544.1953125,515788800
2025-12-08,08:00:00,91565.6328125,91885.7421875,91526.875,91830.4765625,204132352
2025-12-08,09:00:00,91842.125,92255.546875,91842.125,91953.1640625,1536200704
2025-12-08,10:00:00,91937.0,92216.90625,91863.328125,92147.109375,491900928
2025-12-08,11:00:00,92151.6953125,92182.3828125,91902.2109375,92000.78125,197328896
2025-12-08,12:00:00,91982.6640625,91982.6640625,91751.125,91796.140625,619315200
2025-12-08,13:00:00,91791.28125,92099.34375,91429.8359375,91429.8359375,0
2025-12-08,14:00:00,91448.625,91615.046875,90846.3125,90846.3125,671834112
2025-12-08,15:00:00,90882.3359375,90923.125,89689.6640625,90054.5625,2128613376
2025-12-08,16:00:00,89910.1796875,90440.8515625,89753.640625,89968.3125,826658816
2025-12-08,17:00:00,89954.265625,90282.9609375,89765.7578125,90282.9609375,0
2025-12-08,18:00:00,90242.078125,90486.9453125,89760.9296875,89760.9296875,0
2025-12-08,19:00:00,89870.453125,90328.765625,89870.453125,90099.9375,1347035136
2025-12-08,20:00:00,90125.0390625,90914.5546875,90125.0390625,90736.6796875,1129852928
2025-12-08,21:00:00,90812.7890625,91379.140625,90734.3125,91379.140625,0
2025-12-08,22:00:00,91336.2890625,91336.2890625,90776.5390625,90793.1796875,0
2025-12-08,23:00:00,90832.390625,90993.421875,90523.0625,90606.3671875,0
2025-12-09,00:00:00,90644.140625,90820.96875,90380.578125,90410.28125,0
2025-12-09,01:00:00,90412.0625,90552.28125,90017.4296875,90081.6171875,0
2025-12-09,02:00:00,90084.9296875,90367.6328125,90056.03125,90106.9296875,0
2025-12-09,03:00:00,90072.609375,90438.3515625,89830.9375,90435.75,1202860032
2025-12-09,04:00:00,90412.375,90500.078125,89781.4765625,89945.96875,654217216
2025-12-09,05:00:00,89930.3828125,90194.296875,89586.9765625,89924.875,630419456
2025-12-09,06:00:00,89920.8125,90202.3984375,89808.2890625,90169.5390625,0
2025-12-09,07:00:00,90185.8359375,90524.1484375,90111.4609375,90480.9765625,54607872
2025-12-09,08:00:00,90477.609375,90595.03125,90453.0546875,90487.265625,102821888
2025-12-09,09:00:00,90493.1484375,90499.0078125,90156.625,90156.625,0
2025-12-09,10:00:00,90155.0859375,90314.78125,90014.7890625,90231.4296875,0
2025-12-09,11:00:00,90275.46875,90375.5078125,90164.6171875,90375.5078125,209571840
2025-12-09,12:00:00,90375.3125,90670.171875,90363.2265625,90610.328125,0
2025-12-09,13:00:00,90599.359375,90826.0625,90229.25,90415.15625,0
2025-12-09,14:00:00,90418.75,90570.9140625,90051.0625,90243.671875,0
2025-12-09,15:00:00,90361.7265625,92812.984375,90361.7265625,92724.46875,914980864
2025-12-09,16:00:00,92656.3828125,94461.84375,92656.3828125,94288.1015625,6740717568
2025-12-09,17:00:00,94189.546875,94601.5703125,93573.5625,93842.578125,2488238080
2025-12-09,18:00:00,93874.6796875,94170.453125,93688.421875,93986.015625,386461696
2025-12-09,19:00:00,93936.5625,94140.6640625,93709.2578125,93815.1640625,132485120
2025-12-09,20:00:00,93741.5078125,93808.9765625,92819.7109375,93102.7734375,546512896
2025-12-09,21:00:00,93090.6171875,93220.8359375,92316.5546875,92697.71875,362266624
2025-12-09,22:00:00,92681.03125,92994.84375,92544.1328125,92921.28125,955392000
2025-12-09,23:00:00,92903.53125,92969.734375,92584.84375,92717.1875,0
2025-12-10,00:00:00,92705.875,92770.34375,92143.8359375,92166.734375,687542272
2025-12-10,01:00:00,92166.5234375,92406.5703125,92027.890625,92359.421875,299515904
2025-12-10,02:00:00,92333.53125,92551.25,92070.703125,92380.78125,32329728
2025-12-10,03:00:00,92540.0859375,92540.0859375,92357.125,92418.5390625,0
2025-12-10,04:00:00,92415.859375,92664.28125,92415.40625,92574.15625,1309835264
2025-12-10,05:00:00,92567.3125,92711.7109375,92564.09375,92608.1328125,0
2025-12-10,06:00:00,92600.359375,92729.78125,92462.4765625,92708.0390625,0
2025-12-10,07:00:00,92667.65625,92733.6328125,92509.2734375,92733.6328125,0
2025-12-10,08:00:00,92778.1796875,92778.1796875,92581.609375,92650.9453125,28663808
2025-12-10,09:00:00,92638.3046875,92936.8515625,92485.6484375,92936.8515625,0
2025-12-10,10:00:00,92944.96875,93181.6015625,92188.515625,92388.03125,1535393792
2025-12-10,11:00:00,92292.828125,92430.4765625,91839.6171875,92112.546875,1394872320
2025-12-10,12:00:00,92130.1328125,92190.0234375,91857.0546875,92033.6015625,0
2025-12-10,13:00:00,92007.25,92208.6171875,91971.1953125,92082.21875,0
2025-12-10,14:00:00,92096.4609375,92096.4609375,91711.921875,91787.484375,0
2025-12-10,15:00:00,91810.25,92124.8671875,91676.8984375,92012.4921875,0
2025-12-10,16:00:00,92072.859375,92579.34375,91956.8125,92173.6953125,0
2025-12-10,17:00:00,92176.6328125,92479.90625,92140.125,92395.203125,0
2025-12-10,18:00:00,92400.4375,93013.9453125,92055.921875,92372.96875,0
2025-12-10,19:00:00,92501.7890625,93128.8515625,92054.2578125,92979.0546875,5123604480
2025-12-10,20:00:00,92946.1171875,94447.9921875,92449.1953125,92528.1640625,1298399232
2025-12-10,21:00:00,92490.6015625,92787.4140625,91923.453125,92509.34375,3418726400
2025-12-10,22:00:00,92372.5,92683.015625,92008.3359375,92578.71875,0
2025-12-10,23:00:00,92530.5703125,92568.5625,91979.4296875,92055.515625,0
2025-12-11,00:00:00,92034.4453125,92083.9765625,91148.2890625,91422.4609375,0
2025-12-11,01:00:00,91415.5546875,91415.5546875,90721.15625,90739.1015625,890335232
2025-12-11,02:00:00,90709.59375,90709.59375,89915.875,90046.1171875,1868226560
2025-12-11,03:00:00,90079.1328125,90079.1328125,89494.6875,89905.5078125,1742594048
2025-12-11,04:00:00,89807.2109375,90489.390625,89768.9375,90489.390625,721903616
2025-12-11,05:00:00,90466.5078125,90466.5078125,90111.328125,90317.8984375,522092544
2025-12-11,06:00:00,90327.21875,90433.125,90067.828125,90317.0703125,202948608
2025-12-11,07:00:00,90331.5859375,90335.8515625,90135.3828125,90258.65625,0
2025-12-11,08:00:00,90257.734375,90268.8125,90008.578125,90186.234375,0
2025-12-11,09:00:00,90202.7421875,90488.09375,90202.7421875,90224.1015625,183967744
2025-12-11,10:00:00,90243.7578125,90354.4375,90206.875,90353.875,0
2025-12-11,11:00:00,90346.34375,90413.6328125,90237.296875,90276.5078125,0
2025-12-11,12:00:00,90277.78125,90386.4609375,90130.203125,90130.203125,0
2025-12-11,13:00:00,90053.328125,90145.8984375,89924.1640625,90096.8203125,27492352
2025-12-11,14:00:00,90097.578125,90426.84375,89341.171875,89595.6015625,0
2025-12-11,15:00:00,89458.125,90585.953125,89458.125,89825.3515625,2575290368
2025-12-11,16:00:00,89912.9921875,90105.46875,89395.0,89662.6328125,0
2025-12-11,17:00:00,89718.21875,90261.140625,89697.546875,89994.71875,0
2025-12-11,18:00:00,89980.2890625,91163.2734375,89954.9140625,90654.0859375,0
2025-12-11,19:00:00,90768.984375,91511.421875,90632.4765625,90834.9921875,0
2025-12-11,20:00:00,90874.296875,91813.8203125,90874.296875,91813.8203125,0
2025-12-11,21:00:00,91794.125,93512.1796875,91762.796875,92885.890625,2230702080
2025-12-11,22:00:00,92900.546875,93069.6328125,92206.734375,92450.28125,0
2025-12-11,23:00:00,92418.9765625,92795.046875,92418.9765625,92516.328125,1818030080
2025-12-12,00:00:00,92522.484375,92647.03125,91893.4921875,91893.4921875,0
2025-12-12,01:00:00,91506.9921875,92266.8203125,91506.9921875,92131.1484375,207601664
2025-12-12,02:00:00,92166.7421875,92726.8359375,91996.1328125,92582.3359375,0
2025-12-12,03:00:00,92599.2421875,92720.140625,92233.046875,92317.5390625,0
2025-12-12,04:00:00,92323.609375,92414.546875,92174.0859375,92391.1796875,0
2025-12-12,05:00:00,92392.640625,92502.4765625,92108.0234375,92455.7890625,0
2025-12-12,06:00:00,92455.3984375,92720.09375,92439.203125,92528.6484375,783388672
2025-12-12,07:00:00,92532.3984375,92556.4921875,92297.6328125,92448.7109375,2303827968
2025-12-12,08:00:00,92460.8125,92460.8125,92194.46875,92301.8671875,1168453632
2025-12-12,09:00:00,92348.65625,92537.0703125,92140.4375,92537.0703125,1281175552
2025-12-12,10:00:00,92584.921875,92623.703125,92434.1015625,92543.1796875,1446789120
2025-12-12,11:00:00,92525.0,92525.0,92332.0,92395.375,1522884608
2025-12-12,12:00:00,92415.5703125,92415.5703125,92110.3671875,92402.03125,0
2025-12-12,13:00:00,92435.4921875,92507.53125,92294.7265625,92323.40625,2539741184
2025-12-12,14:00:00,92310.171875,92589.546875,92012.8671875,92588.9921875,919822336
2025-12-12,15:00:00,92314.484375,92344.53125,89817.984375,89817.984375,3051659264
2025-12-12,16:00:00,89972.2265625,90408.1171875,89546.15625,89982.59375,4424622080
2025-12-12,17:00:00,90123.296875,90632.9453125,89924.5234375,90056.2265625,1558151168
2025-12-12,18:00:00,90084.46875,90672.5546875,90084.46875,90354.390625,2403155968
2025-12-12,19:00:00,90378.890625,90378.890625,90068.8515625,90169.8515625,1225531392
2025-12-12,20:00:00,90218.3828125,90322.6640625,89926.5234375,90212.9296875,467247104
2025-12-12,21:00:00,90227.9921875,90337.609375,90162.671875,90238.5859375,0
2025-12-12,22:00:00,90205.0703125,90379.5078125,90205.0703125,90334.3203125,0
2025-12-12,23:00:00,90340.234375,90410.109375,90265.09375,90265.09375,0
2025-12-13,00:00:00,90279.3203125,90417.578125,90242.75,90349.96875,607256576
2025-12-13,01:00:00,90329.203125,90370.7421875,90128.15625,90206.3203125,108183552
2025-12-13,02:00:00,90247.8359375,90317.4140625,90241.2734375,90241.2734375,440655872
2025-12-13,03:00:00,90245.609375,90433.8671875,90225.1328125,90344.0859375,387940352
2025-12-13,04:00:00,90359.953125,90416.1171875,90312.453125,90397.828125,778256384
2025-12-13,05:00:00,90394.21875,90394.5703125,90290.546875,90351.421875,655106048
2025-12-13,06:00:00,90354.671875,90376.5078125,90293.5,90368.75,0
2025-12-13,07:00:00,90358.640625,90409.7421875,90346.265625,90354.0,0
2025-12-13,08:00:00,90351.9921875,90550.359375,90335.203125,90441.3203125,0
2025-12-13,09:00:00,90462.6796875,90515.359375,90413.4375,90413.4375,0
2025-12-13,10:00:00,90419.4453125,90644.8359375,90419.4453125,90581.6640625,0
2025-12-13,11:00:00,90588.3203125,90621.734375,90335.796875,90355.0390625,270860288
2025-12-13,12:00:00,90361.4375,90488.75,90314.859375,90368.203125,0
2025-12-13,13:00:00,90430.8828125,90457.421875,90240.4609375,90272.125,0
2025-12-13,14:00:00,90310.5234375,90310.5234375,89988.046875,90121.3125,0
2025-12-13,15:00:00,90154.296875,90301.8515625,90066.53125,90119.0390625,0
2025-12-13,16:00:00,90119.0390625,90260.7734375,90072.421875,90115.046875,0
2025-12-13,17:00:00,90115.609375,90115.609375,90017.15625,90065.71875,0
2025-12-13,18:00:00,90074.71875,90192.3125,90074.71875,90131.875,0
2025-12-13,19:00:00,90146.390625,90246.9921875,90126.2109375,90215.390625,0
2025-12-13,20:00:00,90223.625,90235.8984375,90107.0859375,90107.0859375,0
2025-12-13,21:00:00,90112.8203125,90195.25,89828.6484375,90181.5546875,0
2025-12-13,22:00:00,90186.9375,90237.296875,90077.3046875,90113.3125,0
2025-12-13,23:00:00,90108.4921875,90297.0078125,90108.4921875,90297.0078125,0
2025-12-14,00:00:00,90264.171875,90490.1953125,90168.09375,90375.453125,561475584
2025-12-14,01:00:00,90386.1328125,90461.3125,90225.3125,90290.640625,0
2025-12-14,02:00:00,90316.578125,90405.875,90280.171875,90323.59375,103026688
2025-12-14,03:00:00,90320.8515625,90324.6796875,90272.6171875,90272.6171875,0
2025-12-14,04:00:00,90274.3125,90342.4140625,90178.4765625,90207.453125,0
2025-12-14,05:00:00,90183.8828125,90234.3671875,90101.96875,90218.28125,384671744
2025-12-14,06:00:00,90217.828125,90244.5625,90113.078125,90173.15625,480243712
2025-12-14,07:00:00,90181.9765625,90288.546875,90120.09375,90260.6328125,0
2025-12-14,08:00:00,90260.5,90287.25,90149.34375,90149.5078125,0
2025-12-14,09:00:00,90139.5625,90165.7734375,90022.8203125,90039.96875,6338183168
2025-12-14,10:00:00,90038.5859375,90116.9765625,89863.0078125,89864.765625,0
2025-12-14,11:00:00,89845.625,89845.625,88899.2578125,89386.75,0
2025-12-14,12:00:00,89415.796875,89654.21875,89164.328125,89447.1640625,0
2025-12-14,13:00:00,89432.921875,89432.921875,89214.140625,89401.4375,0
2025-12-14,14:00:00,89490.6484375,89551.3359375,88951.3515625,89109.390625,0
2025-12-14,15:00:00,89118.7265625,89154.0078125,88947.625,89052.140625,0
2025-12-14,16:00:00,89044.1875,89338.21875,88704.8515625,88704.8515625,0
2025-12-14,17:00:00,88847.890625,89028.6484375,88677.109375,88855.9921875,0
2025-12-14,18:00:00,88835.140625,89060.125,88766.9765625,89028.4609375,0
2025-12-14,19:00:00,89021.8203125,89021.8203125,88547.8125,88605.0546875,0
2025-12-14,20:00:00,88660.578125,88809.21875,88433.390625,88593.5078125,0
2025-12-14,21:00:00,88584.515625,88711.9140625,88464.671875,88473.1015625,0
2025-12-14,22:00:00,88469.046875,88581.640625,88088.28125,88380.984375,0
2025-12-14,23:00:00,88514.953125,88514.953125,87638.3203125,88172.1484375,0
2025-12-15,00:00:00,88167.90625,88632.359375,88130.1640625,88491.96875,0
2025-12-15,01:00:00,88528.703125,89334.4921875,88452.6328125,89222.875,0
2025-12-15,02:00:00,89263.765625,89983.921875,89263.765625,89333.046875,0
2025-12-15,03:00:00,89325.1953125,89529.25,89255.6484375,89300.5546875,0
2025-12-15,04:00:00,89286.5859375,89757.4140625,89286.5859375,89705.4609375,0
2025-12-15,05:00:00,89665.2890625,89743.8125,89503.6640625,89609.96875,0
2025-12-15,06:00:00,89618.0390625,89899.2421875,89497.828125,89762.5234375,0
2025-12-15,07:00:00,89761.3828125,89828.03125,89544.40625,89765.875,0
2025-12-15,08:00:00,89752.6796875,89908.265625,89675.40625,89798.7578125,0
2025-12-15,09:00:00,89803.671875,89950.6796875,89803.671875,89866.8125,0
2025-12-15,10:00:00,89882.359375,89975.203125,89749.6171875,89862.7734375,384565248
2025-12-15,11:00:00,89865.4375,89886.6015625,89589.8671875,89653.140625,0
2025-12-15,12:00:00,89651.890625,89753.9296875,89439.8359375,89707.7578125,0
2025-12-15,13:00:00,89706.375,89722.1875,89297.6328125,89452.8984375,381523968
2025-12-15,14:00:00,89445.328125,89834.75,87956.8828125,88136.921875,975976448
2025-12-15,15:00:00,88091.3828125,88091.3828125,86681.4453125,86956.4140625,5710870528
2025-12-15,16:00:00,86872.3515625,87156.4296875,86217.7578125,86324.3125,2532503552
2025-12-15,17:00:00,86409.109375,86449.9140625,85630.5234375,85712.1484375,1740865536
2025-12-15,18:00:00,85738.8671875,86239.7265625,85337.203125,86227.8515625,1902190592
2025-12-15,19:00:00,86197.875,86490.5546875,85924.8984375,86203.125,2213670912
2025-12-15,20:00:00,86132.421875,86152.84375,85645.6953125,85892.359375,594681856
2025-12-15,21:00:00,85818.1640625,86236.46875,85570.0859375,86236.46875,0
2025-12-15,22:00:00,86205.6171875,86211.7421875,85859.3515625,86163.25,1293418496
2025-12-15,23:00:00,86238.8125,86444.1484375,86155.390625,86422.1875,0
2025-12-16,00:00:00,86424.4375,86496.2890625,85874.703125,85874.703125,0
2025-12-16,01:00:00,85773.46875,86139.359375,85696.125,85904.03125,0
2025-12-16,02:00:00,85913.15625,86190.765625,85834.234375,85878.828125,0
2025-12-16,03:00:00,85923.265625,86002.703125,85568.0546875,85837.78125,1979572224
2025-12-16,04:00:00,85837.78125,85862.765625,85381.6875,85800.59375,456720384
2025-12-16,05:00:00,85804.640625,86160.6484375,85804.640625,85996.9921875,213884928
2025-12-16,06:00:00,86008.203125,86556.953125,86008.203125,86542.5625,363614208
2025-12-16,07:00:00,86496.9921875,86563.328125,85891.96875,86039.8125,855908352
2025-12-16,08:00:00,86007.2109375,86310.078125,85967.171875,86234.78125,438214656
2025-12-16,09:00:00,86266.1953125,86382.390625,86209.6484375,86323.8828125,180744192
2025-12-16,10:00:00,86331.8203125,87288.140625,86304.5546875,87051.265625,661389312
2025-12-16,11:00:00,86893.1171875,87291.6484375,86852.6484375,87278.96875,304504832
2025-12-16,12:00:00,87245.671875,87409.9765625,87079.46875,87210.5625,0
2025-12-16,13:00:00,87220.4609375,87527.84375,86548.96875,86548.96875,3285856256
2025-12-16,14:00:00,86507.453125,87517.765625,86272.8125,87215.671875,0
2025-12-16,15:00:00,87255.0625,88108.234375,86993.84375,87875.8828125,0
2025-12-16,16:00:00,87950.71875,87992.578125,87421.5703125,87626.015625,0
2025-12-16,17:00:00,87605.359375,87801.640625,87142.9453125,87142.9453125,0
2025-12-16,18:00:00,87111.7890625,87975.828125,87064.734375,87730.515625,0
2025-12-16,19:00:00,87746.9921875,87754.5625,87284.5625,87613.0234375,0
2025-12-16,20:00:00,87581.15625,87778.1484375,87354.046875,87656.7421875,0
2025-12-16,21:00:00,87615.640625,87915.609375,87498.7890625,87763.109375,0
2025-12-16,22:00:00,87765.171875,87883.3203125,87636.0234375,87757.2109375,0
2025-12-16,23:00:00,87772.9453125,87850.40625,87603.15625,87848.2421875,0
2025-12-17,00:00:00,87842.8671875,87842.8671875,87415.8671875,87526.046875,628613120
2025-12-17,01:00:00,87536.7890625,87888.8359375,87484.6640625,87517.6875,0
2025-12-17,02:00:00,87532.8984375,87560.7109375,87200.109375,87457.0234375,0
2025-12-17,03:00:00,87463.953125,87580.9765625,87177.265625,87185.2109375,0
2025-12-17,04:00:00,87210.3828125,87357.15625,86746.40625,86777.421875,0
2025-12-17,05:00:00,86762.515625,86762.515625,86229.78125,86602.9140625,468123648
2025-12-17,06:00:00,86605.6484375,86935.7421875,86583.359375,86741.2734375,0
2025-12-17,07:00:00,86743.6484375,87071.4921875,86592.4453125,87032.375,0
2025-12-17,08:00:00,87024.109375,87024.109375,86313.46875,86348.0546875,0
2025-12-17,09:00:00,86365.984375,86560.203125,86237.71875,86408.046875,159756288
2025-12-17,10:00:00,86406.921875,86784.59375,86290.140625,86582.0234375,0
2025-12-17,11:00:00,86600.9921875,87080.6953125,86566.7421875,86952.9765625,0
2025-12-17,12:00:00,86953.8359375,87165.5078125,86835.2734375,86994.59375,0
2025-12-17,13:00:00,86998.2265625,87676.1015625,86826.59375,87636.28125,0
2025-12-17,14:00:00,87618.9453125,89451.8046875,87194.9609375,89451.8046875,0
2025-12-17,15:00:00,89524.5,90234.7734375,87302.0546875,87302.0546875,4645810176
2025-12-17,16:00:00,87222.421875,87693.265625,86163.265625,86909.4375,1868443648
2025-12-17,17:00:00,86913.578125,87042.3046875,86311.8984375,86422.5234375,448954368
2025-12-17,18:00:00,86394.6875,86785.1171875,85735.890625,85754.4453125,162873344
2025-12-17,19:00:00,85793.1640625,86112.2109375,85344.1796875,85976.78125,1341763584
2025-12-17,20:00:00,85986.8203125,86168.734375,85635.21875,85852.1484375,487251968
2025-12-17,21:00:00,85836.9140625,86004.515625,85713.6015625,85950.6640625,0
2025-12-17,22:00:00,85945.2109375,86350.875,85907.859375,86298.7265625,432304128
2025-12-17,23:00:00,86305.0078125,86305.0078125,85930.3203125,86105.1328125,167567360
2025-12-18,00:00:00,86196.7890625,86272.6484375,86039.640625,86203.75,0
2025-12-18,01:00:00,86202.46875,86202.46875,85848.5,86097.6953125,74092544
2025-12-18,02:00:00,86095.859375,86736.5390625,86037.40625,86641.4375,449380352
2025-12-18,03:00:00,86550.265625,86636.34375,86254.765625,86554.53125,716374016
2025-12-18,04:00:00,86583.875,86857.8359375,86583.875,86733.515625,47095808
2025-12-18,05:00:00,86727.9765625,86727.9765625,86360.46875,86394.859375,0
2025-12-18,06:00:00,86397.921875,86592.9375,86392.3515625,86592.9375,0
2025-12-18,07:00:00,86636.453125,86823.0234375,86590.421875,86772.3515625,0
2025-12-18,08:00:00,86796.6328125,87036.234375,86674.5703125,86946.1015625,632524800
2025-12-18,09:00:00,86942.5546875,87327.046875,86775.515625,87257.828125,465829888
2025-12-18,10:00:00,87242.3359375,87389.9140625,87218.3125,87255.8359375,0
2025-12-18,11:00:00,87281.8828125,87291.1953125,87071.96875,87220.5234375,0
2025-12-18,12:00:00,87271.328125,87355.9375,87103.390625,87181.09375,0
2025-12-18,13:00:00,87313.1640625,89106.109375,87313.1640625,88797.2890625,2830639104
2025-12-18,14:00:00,88935.765625,89283.6640625,87784.625,88299.4140625,1610309632
2025-12-18,15:00:00,88369.046875,89279.9609375,88033.359375,88502.203125,0
2025-12-18,16:00:00,88447.6328125,88466.8203125,87900.78125,87928.2421875,0
2025-12-18,17:00:00,87900.3125,87900.3125,85479.0234375,86302.8359375,2901164032
2025-12-18,18:00:00,86420.046875,86738.25,85824.640625,85972.5546875,399704064
2025-12-18,19:00:00,85890.25,85890.25,84485.53125,84542.4453125,2145484800
2025-12-18,20:00:00,84460.9765625,85154.109375,84460.9765625,84765.296875,2918789120
2025-12-18,21:00:00,85134.09375,85666.7109375,84994.25,85600.0703125,1111547904
2025-12-18,22:00:00,85583.328125,85649.9140625,85285.1640625,85570.890625,535089152
2025-12-18,23:00:00,85544.578125,85561.8046875,85293.8125,85447.734375,0
2025-12-19,00:00:00,85463.296875,85539.0703125,85258.5078125,85539.0703125,0
2025-12-19,01:00:00,85552.5078125,85552.5078125,85134.0625,85317.0859375,114257920
2025-12-19,02:00:00,85289.609375,85847.609375,85114.8828125,85660.546875,119107584
2025-12-19,03:00:00,85578.90625,87489.6171875,85578.90625,86761.8046875,1879740416
2025-12-19,04:00:00,86789.3828125,87288.6328125,86789.3828125,87043.8984375,1428692992
2025-12-19,05:00:00,87032.0390625,87156.9296875,86660.9296875,87048.6875,663064576
2025-12-19,06:00:00,87054.8515625,87318.6328125,86885.859375,87290.609375,632479744
2025-12-19,07:00:00,87398.1171875,88295.3046875,87398.1171875,87899.90625,1315643392
2025-12-19,08:00:00,87893.8828125,88127.4375,87702.75,88097.6484375,279502848
2025-12-19,09:00:00,88051.5078125,88051.5078125,87868.6484375,88015.984375,0
2025-12-19,10:00:00,88051.140625,88237.09375,87892.640625,88237.09375,0
2025-12-19,11:00:00,88230.515625,88314.3125,88121.4453125,88158.4375,663236608
2025-12-19,12:00:00,88147.6484375,88188.4375,87859.78125,87907.0078125,309714944
2025-12-19,13:00:00,87828.5390625,88093.6328125,87802.6484375,87945.6484375,0
2025-12-19,14:00:00,87945.9609375,88439.8046875,87567.078125,88094.3203125,0
2025-12-19,15:00:00,88135.0703125,89313.359375,87744.703125,87873.5234375,0
2025-12-19,16:00:00,87939.203125,88755.9453125,87924.78125,87944.4453125,1538793472
2025-12-19,17:00:00,87926.3359375,88233.96875,86890.7578125,87302.953125,0
2025-12-19,18:00:00,86918.34375,87351.375,86858.1796875,87163.515625,0
2025-12-19,19:00:00,87099.3203125,87969.96875,87097.421875,87817.0390625,0
2025-12-19,20:00:00,87790.046875,88288.6328125,87593.0546875,87909.09375,0
2025-12-19,21:00:00,87938.2265625,87987.03125,87760.1875,87760.1875,263950336
2025-12-19,22:00:00,87779.5390625,88339.921875,87779.5390625,88244.1328125,0
2025-12-19,23:00:00,88268.0625,88294.1484375,88099.9921875,88104.1875,0
2025-12-20,00:00:00,88098.40625,88132.34375,87924.875,87981.296875,0
2025-12-20,01:00:00,87979.59375,88122.5703125,87979.59375,88025.375,0
2025-12-20,02:00:00,88032.8828125,88244.171875,87976.21875,88161.390625,0
2025-12-20,03:00:00,88169.7109375,88306.1640625,88147.390625,88192.0078125,0
2025-12-20,04:00:00,88181.5234375,88276.953125,88097.0546875,88224.125,0
2025-12-20,05:00:00,88260.75,88450.6796875,88255.7265625,88262.6953125,0
2025-12-20,06:00:00,88261.625,88399.0078125,88244.5625,88256.359375,0
2025-12-20,07:00:00,88261.9375,88284.859375,88156.25,88217.40625,0
2025-12-20,08:00:00,88218.359375,88377.5390625,88218.359375,88248.25,0
2025-12-20,09:00:00,88205.984375,88295.6953125,88196.6171875,88203.1640625,0
2025-12-20,10:00:00,88185.4375,88219.9453125,88093.015625,88121.890625,0
2025-12-20,11:00:00,88120.4375,88256.0234375,88082.484375,88254.078125,0
2025-12-20,12:00:00,88239.15625,88279.078125,88154.7421875,88208.6328125,0
2025-12-20,13:00:00,88213.484375,88273.5,87953.9375,88203.9609375,0
2025-12-20,14:00:00,88225.6015625,88225.6015625,87993.6484375,88215.15625,0
2025-12-20,15:00:00,88213.8515625,88213.8984375,88014.59375,88148.1640625,0
2025-12-20,16:00:00,88163.40625,88170.1796875,88094.8359375,88114.2265625,0
2025-12-20,17:00:00,88144.15625,88206.9921875,88086.0546875,88139.3515625,0
2025-12-20,18:00:00,88146.2734375,88337.6015625,88117.734375,88304.6328125,0
2025-12-20,19:00:00,88273.953125,88273.953125,88179.015625,88190.2109375,0
2025-12-20,20:00:00,88185.4453125,88256.7578125,88178.390625,88245.984375,0
2025-12-20,21:00:00,88243.046875,88362.8515625,88170.328125,88170.328125,0
2025-12-20,22:00:00,88207.6015625,88294.9453125,88118.7734375,88294.9453125,0
2025-12-20,23:00:00,88268.703125,88373.46875,88231.6875,88351.671875,36218880
2025-12-21,00:00:00,88339.9609375,88387.328125,88277.8828125,88320.03125,217068544
2025-12-21,01:00:00,88367.140625,88367.140625,88027.7578125,88027.7578125,35826688
2025-12-21,02:00:00,88000.640625,88044.4765625,87870.3671875,87921.0546875,289453056
2025-12-21,03:00:00,87924.1640625,88112.328125,87924.1640625,88044.75,66693120
2025-12-21,04:00:00,88038.3828125,88105.0625,88031.09375,88040.6796875,0
2025-12-21,05:00:00,88041.28125,88120.34375,88036.390625,88111.515625,0
2025-12-21,06:00:00,88110.390625,88177.2578125,88063.3359375,88067.3359375,0
2025-12-21,07:00:00,88063.84375,88109.765625,88040.625,88104.828125,0
2025-12-21,08:00:00,88129.6328125,88576.7265625,88128.2421875,88532.265625,434766848
2025-12-21,09:00:00,88592.8203125,89011.0859375,88504.4296875,88842.46875,868160512
2025-12-21,10:00:00,88917.625,88919.984375,88565.765625,88617.765625,287939584
2025-12-21,11:00:00,88622.9296875,88708.84375,88562.9921875,88585.8359375,63645696
2025-12-21,12:00:00,88591.1484375,88878.453125,88514.1171875,88556.2734375,424061952
2025-12-21,13:00:00,88601.6328125,88637.9375,87624.03125,87643.1015625,1027958784
2025-12-21,14:00:00,87666.40625,88106.1484375,87666.40625,88018.5234375,440483840
2025-12-21,15:00:00,88027.7578125,88219.46875,87802.8046875,88039.1875,156100608
2025-12-21,16:00:00,88042.78125,88306.3125,87982.703125,88303.6875,442085376
2025-12-21,17:00:00,88331.9296875,88447.09375,88269.25,88296.5234375,331239424
2025-12-21,18:00:00,88293.28125,88410.96875,87957.515625,88410.96875,172236800
2025-12-21,19:00:00,88474.0859375,88530.125,88241.5,88482.203125,295604224
2025-12-21,20:00:00,88462.3515625,88485.9609375,88216.046875,88216.046875,116543488
2025-12-21,21:00:00,88216.9140625,88342.7890625,88108.7890625,88137.4296875,0
2025-12-21,22:00:00,88112.2578125,88445.3046875,88112.2578125,88445.3046875,142993408
2025-12-21,23:00:00,88445.3046875,88711.84375,88360.8828125,88610.0234375,446955520
2025-12-22,00:00:00,88621.6640625,89577.7109375,88621.6640625,88837.7578125,1135831040
2025-12-22,01:00:00,88639.453125,89220.96875,88564.359375,88641.953125,1398138880
2025-12-22,02:00:00,88641.8125,88641.8125,88013.03125,88443.0078125,818884608
2025-12-22,03:00:00,88433.671875,88775.640625,88321.3828125,88758.171875,379111424
2025-12-22,04:00:00,88783.2734375,88986.2109375,88702.5859375,88907.1171875,322160640
2025-12-22,05:00:00,88881.8828125,88959.125,88760.9765625,88811.2890625,567367680
2025-12-22,06:00:00,88798.5859375,88945.03125,88711.453125,88924.828125,356710400
2025-12-22,07:00:00,88887.2109375,89144.6328125,88887.2109375,89093.9765625,736342016
2025-12-22,08:00:00,89118.734375,89817.203125,89088.1640625,89290.5078125,1117186048
2025-12-22,09:00:00,89280.4375,89744.5546875,89280.1171875,89726.6015625,0
2025-12-22,10:00:00,89792.2265625,89801.625,89601.796875,89763.6015625,143038464
2025-12-22,11:00:00,89745.140625,89989.4453125,89633.796875,89919.90625,1293662208
2025-12-22,12:00:00,89915.8828125,90372.2109375,89915.8828125,90233.796875,1350805504
2025-12-22,13:00:00,90186.359375,90285.5078125,89725.3359375,89875.0234375,0
2025-12-22,14:00:00,89889.5625,90151.4140625,89520.0703125,90079.375,1464584192
2025-12-22,15:00:00,90096.3203125,90299.828125,89219.296875,89738.3046875,2053013504
2025-12-22,16:00:00,89715.3671875,90056.9765625,89527.6484375,89565.0234375,1159237632
2025-12-22,17:00:00,89499.6484375,89499.6484375,89119.90625,89264.734375,777867264
2025-12-22,18:00:00,89298.34375,89459.7109375,89149.2421875,89149.2421875,379748352
2025-12-22,19:00:00,89111.0859375,89111.0859375,87975.2265625,88039.9375,1626800128
2025-12-22,20:00:00,88034.3359375,88403.3203125,87933.328125,88403.3203125,1313689600
2025-12-22,21:00:00,88321.2578125,88551.3671875,88213.3828125,88231.4765625,533372928
2025-12-22,22:00:00,88237.6484375,88732.3828125,88126.546875,88598.8359375,636502016
2025-12-22,23:00:00,88534.1171875,88621.3515625,88395.0703125,88488.765625,0
2025-12-23,00:00:00,88530.7265625,88857.3046875,88455.171875,88745.96875,0
2025-12-23,01:00:00,88729.734375,88810.0859375,88432.75,88483.4453125,0
2025-12-23,02:00:00,88471.015625,88695.546875,88124.5703125,88155.4609375,0
2025-12-23,03:00:00,88151.4921875,88280.78125,87883.34375,88181.9140625,482131968
2025-12-23,04:00:00,88131.7890625,88304.8671875,87902.828125,87902.828125,0
2025-12-23,05:00:00,87909.8125,87960.296875,87595.2734375,87739.828125,711389184
2025-12-23,06:00:00,87625.6015625,87710.90625,87061.8203125,87352.9609375,880627712
2025-12-23,07:00:00,87348.03125,87616.640625,87348.03125,87509.3359375,5864038400
2025-12-23,08:00:00,87506.2421875,87609.125,87390.453125,87392.890625,1763012608
2025-12-23,09:00:00,87407.1953125,87547.40625,87268.7265625,87485.78125,0
2025-12-23,10:00:00,87473.9375,87598.6484375,87469.125,87553.3515625,0
2025-12-23,11:00:00,87555.0859375,87819.015625,87525.765625,87819.015625,0
2025-12-23,12:00:00,87809.015625,87862.21875,87612.5,87774.171875,0
2025-12-23,13:00:00,87759.8515625,87814.265625,87434.71875,87605.765625,0
2025-12-23,14:00:00,87562.90625,87737.3203125,86656.34375,86656.34375,0
2025-12-23,15:00:00,86822.3828125,87438.9140625,86760.140625,87426.453125,0
2025-12-23,16:00:00,87417.984375,88077.9140625,87376.0859375,87986.765625,767049728
2025-12-23,17:00:00,87966.71875,88117.2109375,87372.65625,87378.0,6168576
2025-12-23,18:00:00,87151.1953125,88072.5703125,87151.1953125,87947.7109375,1074348032
2025-12-23,19:00:00,87933.8125,87986.5,87628.7421875,87697.2734375,0
2025-12-23,20:00:00,87709.71875,88271.2109375,87518.4140625,87651.453125,0
2025-12-23,21:00:00,87657.46875,87794.1953125,87512.0234375,87672.484375,174862336
2025-12-23,22:00:00,87669.0078125,87708.8828125,87293.6953125,87343.171875,322273280
2025-12-23,23:00:00,87358.0859375,87454.9140625,87174.4921875,87404.21875,281632768
2025-12-24,00:00:00,87431.0859375,87593.640625,87239.0625,87584.7890625,0
2025-12-24,01:00:00,87603.9921875,87750.0546875,87463.390625,87600.0,74338304
2025-12-24,02:00:00,87595.78125,87595.78125,86912.3359375,87113.875,0
2025-12-24,03:00:00,87085.3671875,87337.1171875,86873.8515625,87287.046875,0
2025-12-24,04:00:00,87286.5234375,87401.4453125,87077.109375,87079.703125,0
2025-12-24,05:00:00,87079.421875,87199.2578125,86755.796875,86905.234375,0
2025-12-24,06:00:00,86901.734375,86986.0546875,86794.1796875,86941.0078125,0
2025-12-24,07:00:00,86952.203125,87104.390625,86921.6328125,86921.6328125,0
2025-12-24,08:00:00,86877.7890625,86998.0859375,86749.8125,86749.8125,0
2025-12-24,09:00:00,86733.1953125,86823.796875,86691.9375,86757.4375,0
2025-12-24,10:00:00,86753.1640625,87107.46875,86748.75,87036.765625,178896896
2025-12-24,11:00:00,87026.7734375,87280.8046875,87026.7734375,87156.0859375,0
2025-12-24,12:00:00,87158.4140625,87420.4609375,87098.6171875,87391.71875,0
2025-12-24,13:00:00,87383.5625,87389.453125,87025.7421875,87244.0390625,0
2025-12-24,14:00:00,87248.9296875,87377.28125,86411.796875,86882.3984375,0
2025-12-24,15:00:00,87071.8515625,87104.203125,86587.953125,86914.6015625,0
2025-12-24,16:00:00,86941.2890625,87572.890625,86904.109375,87168.1484375,0
2025-12-24,17:00:00,87247.875,87475.90625,87196.7578125,87216.53125,0
2025-12-24,18:00:00,87256.9921875,87435.09375,87203.0390625,87412.6171875,0
2025-12-24,19:00:00,87406.7890625,87507.859375,87307.3046875,87495.484375,0
2025-12-24,20:00:00,87507.8203125,87591.8984375,87489.7734375,87494.3671875,0
2025-12-24,21:00:00,87532.1640625,87711.4921875,87532.1640625,87607.796875,0
2025-12-24,22:00:00,87629.796875,87947.0546875,87629.796875,87941.3515625,0
2025-12-24,23:00:00,87936.734375,87936.734375,87551.7109375,87615.5703125,0
2025-12-25,00:00:00,87608.0546875,87664.0625,87488.328125,87490.3671875,64530432
2025-12-25,01:00:00,87498.1875,87685.4453125,87498.1875,87631.765625,0
2025-12-25,02:00:00,87636.96875,87870.1171875,87529.2109375,87843.265625,0
2025-12-25,03:00:00,87827.7734375,87848.265625,87728.640625,87792.0546875,0
2025-12-25,04:00:00,87788.71875,87789.609375,87699.0234375,87744.0078125,0
2025-12-25,05:00:00,87742.5234375,87742.5234375,87613.1875,87702.3671875,0
2025-12-25,06:00:00,87703.8515625,87773.6796875,87645.6796875,87773.6796875,0
2025-12-25,07:00:00,87774.5703125,87795.21875,87707.5078125,87786.6875,0
2025-12-25,08:00:00,87782.921875,87808.9375,87339.2734375,87508.9765625,242833408
2025-12-25,09:00:00,87525.859375,87525.859375,87392.3671875,87465.7109375,17125376
2025-12-25,10:00:00,87459.4375,87459.4375,87238.015625,87361.8828125,0
2025-12-25,11:00:00,87370.640625,87517.3046875,87370.640625,87458.4921875,0
2025-12-25,12:00:00,87455.9140625,87533.203125,87441.921875,87521.0859375,0
2025-12-25,13:00:00,87516.6328125,87607.109375,87373.84375,87601.421875,0
2025-12-25,14:00:00,87581.0234375,87685.4765625,87517.5,87672.6953125,0
2025-12-25,15:00:00,87667.3671875,88462.0703125,87667.3671875,88274.7890625,0
2025-12-25,16:00:00,88259.4140625,88389.234375,87948.015625,88053.796875,0
2025-12-25,17:00:00,88042.1328125,88126.40625,87963.8515625,88114.0546875,0
2025-12-25,18:00:00,88103.953125,88253.4921875,88103.953125,88185.5703125,0
2025-12-25,19:00:00,88182.546875,88186.1953125,88024.7734375,88094.2265625,0
2025-12-25,20:00:00,88096.2109375,88103.3125,87687.015625,87821.90625,218568704
2025-12-25,21:00:00,87838.140625,87921.65625,87775.4453125,87851.859375,27912192
2025-12-25,22:00:00,87845.4765625,87867.7421875,87351.3046875,87625.0625,177784832
2025-12-25,23:00:00,87541.421875,87690.484375,86971.5,87204.3671875,1121579008
2025-12-26,00:00:00,87214.5,87263.5625,86917.9765625,87041.6640625,273956864
2025-12-26,01:00:00,87063.359375,87411.6875,87063.359375,87385.875,955342848
2025-12-26,02:00:00,87379.9609375,89232.1484375,87379.9609375,89091.078125,4295059456
2025-12-26,03:00:00,89099.0078125,89158.734375,88639.0625,88742.3125,2309169152
2025-12-26,04:00:00,88688.6484375,89020.203125,88455.6328125,88891.71875,1110192128
2025-12-26,05:00:00,88893.8046875,88942.3828125,88769.390625,88942.3828125,186279936
2025-12-26,06:00:00,88924.1953125,89163.2578125,88924.1953125,89133.1015625,926695424
2025-12-26,07:00:00,89072.8828125,89439.1171875,88372.125,88372.125,2443640832
2025-12-26,08:00:00,88394.3984375,88741.3828125,88394.3984375,88666.6328125,710477824
2025-12-26,09:00:00,88677.171875,88828.0625,88615.0625,88769.6171875,309696512
2025-12-26,10:00:00,88750.15625,88807.9609375,88635.9375,88716.546875,22343680
2025-12-26,11:00:00,88707.4609375,88707.4609375,88498.59375,88512.640625,112492544
2025-12-26,12:00:00,88493.953125,88682.6484375,88493.953125,88626.3984375,339990528
2025-12-26,13:00:00,88618.734375,88983.1640625,88597.7109375,88983.1640625,166897664
2025-12-26,14:00:00,88873.515625,88975.640625,87360.75,87382.0,2166237184
2025-12-26,15:00:00,87368.0703125,87368.0703125,86645.6328125,86991.421875,4316983296
2025-12-26,16:00:00,87063.71875,87286.53125,86831.4453125,86831.4453125,913866752
2025-12-26,17:00:00,86785.90625,87359.15625,86785.90625,87238.2734375,755982336
2025-12-26,18:00:00,87235.6484375,87282.5390625,87064.8125,87189.5859375,519565312
2025-12-26,19:00:00,87196.3671875,87481.71875,87171.859375,87414.7265625,670957568
2025-12-26,20:00:00,87447.5078125,87698.7109375,87349.5234375,87553.0390625,187916288
2025-12-26,21:00:00,87524.1484375,87623.390625,87422.9765625,87422.9765625,301699072
2025-12-26,22:00:00,87407.5546875,87505.3828125,87284.5703125,87418.5,0
2025-12-26,23:00:00,87468.765625,87468.765625,87278.109375,87303.9375,0
2025-12-27,00:00:00,87316.0078125,87340.015625,87196.078125,87338.203125,0
2025-12-27,01:00:00,87335.859375,87409.8984375,87292.984375,87404.7734375,0
2025-12-27,02:00:00,87408.015625,87409.953125,87346.875,87386.515625,0
2025-12-27,03:00:00,87389.859375,87463.1796875,87332.03125,87448.96875,0
2025-12-27,04:00:00,87447.90625,87447.90625,87398.3046875,87405.90625,0
2025-12-27,05:00:00,87415.6640625,87451.359375,87387.8125,87451.359375,0
2025-12-27,06:00:00,87448.6328125,87493.5625,87369.2734375,87407.640625,0
2025-12-27,07:00:00,87425.0234375,87642.4921875,87416.09375,87478.546875,0
2025-12-27,08:00:00,87488.0703125,87606.2109375,87488.0703125,87530.71875,0
2025-12-27,09:00:00,87519.296875,87604.3671875,87497.1484375,87565.796875,0
2025-12-27,10:00:00,87560.59375,87565.4765625,87367.0859375,87456.3046875,0
2025-12-27,11:00:00,87449.3203125,87485.0078125,87407.4296875,87416.84375,0
2025-12-27,12:00:00,87451.8359375,87468.3828125,87400.4375,87426.546875,0
2025-12-27,13:00:00,87425.359375,87434.828125,87294.828125,87424.0546875,0
2025-12-27,14:00:00,87405.484375,87486.171875,87363.5859375,87485.0625,0
2025-12-27,15:00:00,87475.1015625,87545.8046875,87447.3984375,87516.34375,0
2025-12-27,16:00:00,87492.6640625,87525.015625,87400.0,87449.171875,0
2025-12-27,17:00:00,87451.09375,87513.7578125,87446.4375,87501.921875,0
2025-12-27,18:00:00,87502.015625,87504.515625,87409.7109375,87433.75,0
2025-12-27,19:00:00,87438.8515625,87513.8203125,87438.296875,87512.390625,0
2025-12-27,20:00:00,87523.9375,87557.1328125,87479.7890625,87495.9375,0
2025-12-27,21:00:00,87498.109375,87609.6875,87495.3515625,87605.6640625,0
2025-12-27,22:00:00,87605.15625,87830.609375,87480.53125,87587.4609375,186419200
2025-12-27,23:00:00,87509.40625,87863.984375,87509.40625,87805.5625,177369088
2025-12-28,00:00:00,87806.0546875,87857.3125,87657.78125,87781.640625,15262720
2025-12-28,01:00:00,87786.984375,87866.5859375,87692.8359375,87717.453125,111571968
2025-12-28,02:00:00,87723.5,87805.1015625,87690.1328125,87748.28125,0
2025-12-28,03:00:00,87743.90625,87760.0,87669.8828125,87688.1015625,0
2025-12-28,04:00:00,87684.0703125,87743.640625,87635.578125,87661.0078125,28371968
2025-12-28,05:00:00,87655.5546875,87655.5546875,87555.765625,87589.0390625,41666560
2025-12-28,06:00:00,87588.984375,87720.3125,87577.40625,87681.515625,0
2025-12-28,07:00:00,87666.84375,87670.8125,87597.859375,87665.2734375,0
2025-12-28,08:00:00,87657.328125,87881.53125,87657.328125,87760.6171875,51259392
2025-12-28,09:00:00,87733.6015625,87832.34375,87690.953125,87730.890625,0
2025-12-28,10:00:00,87737.75,87881.890625,87733.5234375,87787.6796875,218498048
2025-12-28,11:00:00,87788.359375,87862.765625,87743.9921875,87789.5546875,21225472
2025-12-28,12:00:00,87813.84375,87813.84375,87749.59375,87786.7890625,45235200
2025-12-28,13:00:00,87772.8203125,87864.09375,87752.4765625,87833.6640625,84672512
2025-12-28,14:00:00,87826.2734375,87951.984375,87826.2734375,87865.4140625,0
2025-12-28,15:00:00,87848.40625,87935.75,87780.0625,87780.0625,510532608
2025-12-28,16:00:00,87779.65625,87833.5078125,87719.40625,87750.1171875,142030848
2025-12-28,17:00:00,87749.4453125,87857.578125,87686.4609375,87693.71875,0
2025-12-28,18:00:00,87693.3828125,87695.40625,87482.78125,87537.0703125,526517248
2025-12-28,19:00:00,87538.5546875,87607.9765625,87444.390625,87485.578125,409132032
2025-12-28,20:00:00,87476.078125,87579.25,87396.0390625,87477.890625,130200576
2025-12-28,21:00:00,87459.7578125,87527.0390625,87402.84375,87500.2265625,181508096
2025-12-28,22:00:00,87503.65625,87898.421875,87445.984375,87843.0078125,0
2025-12-28,23:00:00,87831.65625,87844.625,87604.8515625,87830.1171875,206987264
2025-12-29,00:00:00,87858.109375,88234.0,87756.3671875,88226.78125,870933504
2025-12-29,01:00:00,88226.6875,88380.2578125,87833.65625,88314.171875,947730432
2025-12-29,02:00:00,88353.5078125,89236.6171875,88353.5078125,89102.625,3253251072
2025-12-29,03:00:00,89086.8125,90032.4140625,89026.6328125,90032.4140625,3074658304
2025-12-29,04:00:00,90012.6328125,90269.015625,89903.0703125,90100.4140625,2378932224
2025-12-29,05:00:00,90070.7578125,90194.328125,89873.2578125,89927.6875,1425721344
2025-12-29,06:00:00,89908.9921875,90028.6171875,89666.796875,89672.9609375,1104549888
2025-12-29,07:00:00,89672.7109375,89708.859375,89415.9765625,89518.6171875,1356230656
2025-12-29,08:00:00,89505.28125,89694.109375,89399.90625,89451.8984375,1522210816
2025-12-29,09:00:00,89438.515625,89489.328125,87795.0078125,87940.6015625,3895531520
2025-12-29,10:00:00,87981.0859375,88137.9609375,87602.5078125,87678.9453125,814858240
2025-12-29,11:00:00,87620.4375,87686.4296875,87485.3203125,87508.1796875,887361536
2025-12-29,12:00:00,87485.1015625,87508.265625,86760.265625,87242.8046875,3058946048
2025-12-29,13:00:00,87252.3203125,87393.125,87125.609375,87222.25,0
2025-12-29,14:00:00,87255.890625,88007.96875,87176.984375,87322.015625,2892251136
2025-12-29,15:00:00,87288.6015625,87760.9296875,87196.8359375,87636.625,2911100928
2025-12-29,16:00:00,87600.4453125,87691.0234375,87364.8984375,87538.171875,1876357120
2025-12-29,17:00:00,87529.6015625,87697.2265625,87327.8984375,87697.2265625,4475789312
2025-12-29,18:00:00,87734.7890625,87870.671875,87307.2421875,87357.53125,2850250752
2025-12-29,19:00:00,87336.90625,87547.25,87238.1015625,87238.1015625,3865518080
2025-12-29,20:00:00,87246.40625,87482.46875,86975.015625,87121.6796875,3386511360
2025-12-29,21:00:00,87157.78125,87157.78125,87157.78125,87157.78125,0
